Loan_ID,Gender,Married,Dependents,Education,Self_Employed,ApplicantIncome,CoapplicantIncome,LoanAmount,Loan_Amount_Term,Credit_History,Property_Area,Loan_Status
LP001002,Male,No,0,Graduate,No,584900,0,,360,1,Urban,Y
LP001003,Male,Yes,1,Graduate,No,458300,150800,1280000,360,1,Rural,N
LP001005,Male,Yes,0,Graduate,Yes,300000,0,660000,360,1,Urban,Y
LP001006,Male,Yes,0,Not Graduate,No,258300,235800,1200000,360,1,Urban,Y
LP001008,Male,No,0,Graduate,No,600000,0,1410000,360,1,Urban,Y
LP001011,Male,Yes,2,Graduate,Yes,541700,419600,2670000,360,1,Urban,Y
LP001013,Male,Yes,0,Not Graduate,No,233300,151600,950000,360,1,Urban,Y
LP001014,Male,Yes,3+,Graduate,No,303600,250400,1580000,360,0,Semiurban,N
LP001018,Male,Yes,2,Graduate,No,400600,152600,1680000,360,1,Urban,Y
LP001020,Male,Yes,1,Graduate,No,1284100,1096800,3490000,360,1,Semiurban,N
LP001024,Male,Yes,2,Graduate,No,320000,70000,700000,360,1,Urban,Y
LP001027,Male,Yes,2,Graduate,,250000,184000,1090000,360,1,Urban,Y
LP001028,Male,Yes,2,Graduate,No,307300,810600,2000000,360,1,Urban,Y
LP001029,Male,No,0,Graduate,No,185300,284000,1140000,360,1,Rural,N
LP001030,Male,Yes,2,Graduate,No,129900,108600,170000,120,1,Urban,Y
LP001032,Male,No,0,Graduate,No,495000,0,1250000,360,1,Urban,Y
LP001034,Male,No,1,Not Graduate,No,359600,0,1000000,240,,Urban,Y
LP001036,Female,No,0,Graduate,No,351000,0,760000,360,0,Urban,N
LP001038,Male,Yes,0,Not Graduate,No,488700,0,1330000,360,1,Rural,N
LP001041,Male,Yes,0,Graduate,,260000,350000,1150000,,1,Urban,Y
LP001043,Male,Yes,0,Not Graduate,No,766000,0,1040000,360,0,Urban,N
LP001046,Male,Yes,1,Graduate,No,595500,562500,3150000,360,1,Urban,Y
LP001047,Male,Yes,0,Not Graduate,No,260000,191100,1160000,360,0,Semiurban,N
LP001050,,Yes,2,Not Graduate,No,336500,191700,1120000,360,0,Rural,N
LP001052,Male,Yes,1,Graduate,,371700,292500,1510000,360,,Semiurban,N
LP001066,Male,Yes,0,Graduate,Yes,956000,0,1910000,360,1,Semiurban,Y
LP001068,Male,Yes,0,Graduate,No,279900,225300,1220000,360,1,Semiurban,Y
LP001073,Male,Yes,2,Not Graduate,No,422600,104000,1100000,360,1,Urban,Y
LP001086,Male,No,0,Not Graduate,No,144200,0,350000,360,1,Urban,N
LP001087,Female,No,2,Graduate,,375000,208300,1200000,360,1,Semiurban,Y
LP001091,Male,Yes,1,Graduate,,416600,336900,2010000,360,,Urban,N
LP001095,Male,No,0,Graduate,No,316700,0,740000,360,1,Urban,N
LP001097,Male,No,1,Graduate,Yes,469200,0,1060000,360,1,Rural,N
LP001098,Male,Yes,0,Graduate,No,350000,166700,1140000,360,1,Semiurban,Y
LP001100,Male,No,3+,Graduate,No,1250000,300000,3200000,360,1,Rural,N
LP001106,Male,Yes,0,Graduate,No,227500,206700,,360,1,Urban,Y
LP001109,Male,Yes,0,Graduate,No,182800,133000,1000000,,0,Urban,N
LP001112,Female,Yes,0,Graduate,No,366700,145900,1440000,360,1,Semiurban,Y
LP001114,Male,No,0,Graduate,No,416600,721000,1840000,360,1,Urban,Y
LP001116,Male,No,0,Not Graduate,No,374800,166800,1100000,360,1,Semiurban,Y
LP001119,Male,No,0,Graduate,No,360000,0,800000,360,1,Urban,N
LP001120,Male,No,0,Graduate,No,180000,121300,470000,360,1,Urban,Y
LP001123,Male,Yes,0,Graduate,No,240000,0,750000,360,,Urban,Y
LP001131,Male,Yes,0,Graduate,No,394100,233600,1340000,360,1,Semiurban,Y
LP001136,Male,Yes,0,Not Graduate,Yes,469500,0,960000,,1,Urban,Y
LP001137,Female,No,0,Graduate,No,341000,0,880000,,1,Urban,Y
LP001138,Male,Yes,1,Graduate,No,564900,0,440000,360,1,Urban,Y
LP001144,Male,Yes,0,Graduate,No,582100,0,1440000,360,1,Urban,Y
LP001146,Female,Yes,0,Graduate,No,264500,344000,1200000,360,0,Urban,N
LP001151,Female,No,0,Graduate,No,400000,227500,1440000,360,1,Semiurban,Y
LP001155,Female,Yes,0,Not Graduate,No,192800,164400,1000000,360,1,Semiurban,Y
LP001157,Female,No,0,Graduate,No,308600,0,1200000,360,1,Semiurban,Y
LP001164,Female,No,0,Graduate,No,423000,0,1120000,360,1,Semiurban,N
LP001179,Male,Yes,2,Graduate,No,461600,0,1340000,360,1,Urban,N
LP001186,Female,Yes,1,Graduate,Yes,1150000,0,2860000,360,0,Urban,N
LP001194,Male,Yes,2,Graduate,No,270800,116700,970000,360,1,Semiurban,Y
LP001195,Male,Yes,0,Graduate,No,213200,159100,960000,360,1,Semiurban,Y
LP001197,Male,Yes,0,Graduate,No,336600,220000,1350000,360,1,Rural,N
LP001198,Male,Yes,1,Graduate,No,808000,225000,1800000,360,1,Urban,Y
LP001199,Male,Yes,2,Not Graduate,No,335700,285900,1440000,360,1,Urban,Y
LP001205,Male,Yes,0,Graduate,No,250000,379600,1200000,360,1,Urban,Y
LP001206,Male,Yes,3+,Graduate,No,302900,0,990000,360,1,Urban,Y
LP001207,Male,Yes,0,Not Graduate,Yes,260900,344900,1650000,180,0,Rural,N
LP001213,Male,Yes,1,Graduate,No,494500,0,,360,0,Rural,N
LP001222,Female,No,0,Graduate,No,416600,0,1160000,360,0,Semiurban,N
LP001225,Male,Yes,0,Graduate,No,572600,459500,2580000,360,1,Semiurban,N
LP001228,Male,No,0,Not Graduate,No,320000,225400,1260000,180,0,Urban,N
LP001233,Male,Yes,1,Graduate,No,1075000,0,3120000,360,1,Urban,Y
LP001238,Male,Yes,3+,Not Graduate,Yes,710000,0,1250000,60,1,Urban,Y
LP001241,Female,No,0,Graduate,No,430000,0,1360000,360,0,Semiurban,N
LP001243,Male,Yes,0,Graduate,No,320800,306600,1720000,360,1,Urban,Y
LP001245,Male,Yes,2,Not Graduate,Yes,187500,187500,970000,360,1,Semiurban,Y
LP001248,Male,No,0,Graduate,No,350000,0,810000,300,1,Semiurban,Y
LP001250,Male,Yes,3+,Not Graduate,No,475500,0,950000,,0,Semiurban,N
LP001253,Male,Yes,3+,Graduate,Yes,526600,177400,1870000,360,1,Semiurban,Y
LP001255,Male,No,0,Graduate,No,375000,0,1130000,480,1,Urban,N
LP001256,Male,No,0,Graduate,No,375000,475000,1760000,360,1,Urban,N
LP001259,Male,Yes,1,Graduate,Yes,100000,302200,1100000,360,1,Urban,N
LP001263,Male,Yes,3+,Graduate,No,316700,400000,1800000,300,0,Semiurban,N
LP001264,Male,Yes,3+,Not Graduate,Yes,333300,216600,1300000,360,,Semiurban,Y
LP001265,Female,No,0,Graduate,No,384600,0,1110000,360,1,Semiurban,Y
LP001266,Male,Yes,1,Graduate,Yes,239500,0,,360,1,Semiurban,Y
LP001267,Female,Yes,2,Graduate,No,137800,188100,1670000,360,1,Urban,N
LP001273,Male,Yes,0,Graduate,No,600000,225000,2650000,360,,Semiurban,N
LP001275,Male,Yes,1,Graduate,No,398800,0,500000,240,1,Urban,Y
LP001279,Male,No,0,Graduate,No,236600,253100,1360000,360,1,Semiurban,Y
LP001280,Male,Yes,2,Not Graduate,No,333300,200000,990000,360,,Semiurban,Y
LP001282,Male,Yes,0,Graduate,No,250000,211800,1040000,360,1,Semiurban,Y
LP001289,Male,No,0,Graduate,No,856600,0,2100000,360,1,Urban,Y
LP001310,Male,Yes,0,Graduate,No,569500,416700,1750000,360,1,Semiurban,Y
LP001316,Male,Yes,0,Graduate,No,295800,290000,1310000,360,1,Semiurban,Y
LP001318,Male,Yes,2,Graduate,No,625000,565400,1880000,180,1,Semiurban,Y
LP001319,Male,Yes,2,Not Graduate,No,327300,182000,810000,360,1,Urban,Y
LP001322,Male,No,0,Graduate,No,413300,0,1220000,360,1,Semiurban,Y
LP001325,Male,No,0,Not Graduate,No,362000,0,250000,120,1,Semiurban,Y
LP001326,Male,No,0,Graduate,,678200,0,,360,,Urban,N
LP001327,Female,Yes,0,Graduate,No,248400,230200,1370000,360,1,Semiurban,Y
LP001333,Male,Yes,0,Graduate,No,197700,99700,500000,360,1,Semiurban,Y
LP001334,Male,Yes,0,Not Graduate,No,418800,0,1150000,180,1,Semiurban,Y
LP001343,Male,Yes,0,Graduate,No,175900,354100,1310000,360,1,Semiurban,Y
LP001345,Male,Yes,2,Not Graduate,No,428800,326300,1330000,180,1,Urban,Y
LP001349,Male,No,0,Graduate,No,484300,380600,1510000,360,1,Semiurban,Y
LP001350,Male,Yes,,Graduate,No,1365000,0,,360,1,Urban,Y
LP001356,Male,Yes,0,Graduate,No,465200,358300,,360,1,Semiurban,Y
LP001357,Male,,,Graduate,No,381600,75400,1600000,360,1,Urban,Y
LP001367,Male,Yes,1,Graduate,No,305200,103000,1000000,360,1,Urban,Y
LP001369,Male,Yes,2,Graduate,No,1141700,112600,2250000,360,1,Urban,Y
LP001370,Male,No,0,Not Graduate,,733300,0,1200000,360,1,Rural,N
LP001379,Male,Yes,2,Graduate,No,380000,360000,2160000,360,0,Urban,N
LP001384,Male,Yes,3+,Not Graduate,No,207100,75400,940000,480,1,Semiurban,Y
LP001385,Male,No,0,Graduate,No,531600,0,1360000,360,1,Urban,Y
LP001387,Female,Yes,0,Graduate,,292900,233300,1390000,360,1,Semiurban,Y
LP001391,Male,Yes,0,Not Graduate,No,357200,411400,1520000,,0,Rural,N
LP001392,Female,No,1,Graduate,Yes,745100,0,,360,1,Semiurban,Y
LP001398,Male,No,0,Graduate,,505000,0,1180000,360,1,Semiurban,Y
LP001401,Male,Yes,1,Graduate,No,1458300,0,1850000,180,1,Rural,Y
LP001404,Female,Yes,0,Graduate,No,316700,228300,1540000,360,1,Semiurban,Y
LP001405,Male,Yes,1,Graduate,No,221400,139800,850000,360,,Urban,Y
LP001421,Male,Yes,0,Graduate,No,556800,214200,1750000,360,1,Rural,N
LP001422,Female,No,0,Graduate,No,1040800,0,2590000,360,1,Urban,Y
LP001426,Male,Yes,,Graduate,No,566700,266700,1800000,360,1,Rural,Y
LP001430,Female,No,0,Graduate,No,416600,0,440000,360,1,Semiurban,Y
LP001431,Female,No,0,Graduate,No,213700,898000,1370000,360,0,Semiurban,Y
LP001432,Male,Yes,2,Graduate,No,295700,0,810000,360,1,Semiurban,Y
LP001439,Male,Yes,0,Not Graduate,No,430000,201400,1940000,360,1,Rural,Y
LP001443,Female,No,0,Graduate,No,369200,0,930000,360,,Rural,Y
LP001448,,Yes,3+,Graduate,No,2380300,0,3700000,360,1,Rural,Y
LP001449,Male,No,0,Graduate,No,386500,164000,,360,1,Rural,Y
LP001451,Male,Yes,1,Graduate,Yes,1051300,385000,1600000,180,0,Urban,N
LP001465,Male,Yes,0,Graduate,No,608000,256900,1820000,360,,Rural,N
LP001469,Male,No,0,Graduate,Yes,2016600,0,6500000,480,,Urban,Y
LP001473,Male,No,0,Graduate,No,201400,192900,740000,360,1,Urban,Y
LP001478,Male,No,0,Graduate,No,271800,0,700000,360,1,Semiurban,Y
LP001482,Male,Yes,0,Graduate,Yes,345900,0,250000,120,1,Semiurban,Y
LP001487,Male,No,0,Graduate,No,489500,0,1020000,360,1,Semiurban,Y
LP001488,Male,Yes,3+,Graduate,No,400000,775000,2900000,360,1,Semiurban,N
LP001489,Female,Yes,0,Graduate,No,458300,0,840000,360,1,Rural,N
LP001491,Male,Yes,2,Graduate,Yes,331600,350000,880000,360,1,Urban,Y
LP001492,Male,No,0,Graduate,No,1499900,0,2420000,360,0,Semiurban,N
LP001493,Male,Yes,2,Not Graduate,No,420000,143000,1290000,360,1,Rural,N
LP001497,Male,Yes,2,Graduate,No,504200,208300,1850000,360,1,Rural,N
LP001498,Male,No,0,Graduate,No,541700,0,1680000,360,1,Urban,Y
LP001504,Male,No,0,Graduate,Yes,695000,0,1750000,180,1,Semiurban,Y
LP001507,Male,Yes,0,Graduate,No,269800,203400,1220000,360,1,Semiurban,Y
LP001508,Male,Yes,2,Graduate,No,1175700,0,1870000,180,1,Urban,Y
LP001514,Female,Yes,0,Graduate,No,233000,448600,1000000,360,1,Semiurban,Y
LP001516,Female,Yes,2,Graduate,No,1486600,0,700000,360,1,Urban,Y
LP001518,Male,Yes,1,Graduate,No,153800,142500,300000,360,1,Urban,Y
LP001519,Female,No,0,Graduate,No,1000000,166600,2250000,360,1,Rural,N
LP001520,Male,Yes,0,Graduate,No,486000,83000,1250000,360,1,Semiurban,Y
LP001528,Male,No,0,Graduate,No,627700,0,1180000,360,0,Rural,N
LP001529,Male,Yes,0,Graduate,Yes,257700,375000,1520000,360,1,Rural,Y
LP001531,Male,No,0,Graduate,No,916600,0,2440000,360,1,Urban,N
LP001532,Male,Yes,2,Not Graduate,No,228100,0,1130000,360,1,Rural,N
LP001535,Male,No,0,Graduate,No,325400,0,500000,360,1,Urban,Y
LP001536,Male,Yes,3+,Graduate,No,3999900,0,6000000,180,0,Semiurban,Y
LP001541,Male,Yes,1,Graduate,No,600000,0,1600000,360,,Rural,Y
LP001543,Male,Yes,1,Graduate,No,953800,0,1870000,360,1,Urban,Y
LP001546,Male,No,0,Graduate,,298000,208300,1200000,360,1,Rural,Y
LP001552,Male,Yes,0,Graduate,No,458300,562500,2550000,360,1,Semiurban,Y
LP001560,Male,Yes,0,Not Graduate,No,186300,104100,980000,360,1,Semiurban,Y
LP001562,Male,Yes,0,Graduate,No,793300,0,2750000,360,1,Urban,N
LP001565,Male,Yes,1,Graduate,No,308900,128000,1210000,360,0,Semiurban,N
LP001570,Male,Yes,2,Graduate,No,416700,144700,1580000,360,1,Rural,Y
LP001572,Male,Yes,0,Graduate,No,932300,0,750000,180,1,Urban,Y
LP001574,Male,Yes,0,Graduate,No,370700,316600,1820000,,1,Rural,Y
LP001577,Female,Yes,0,Graduate,No,458300,0,1120000,360,1,Rural,N
LP001578,Male,Yes,0,Graduate,No,243900,333300,1290000,360,1,Rural,Y
LP001579,Male,No,0,Graduate,No,223700,0,630000,480,0,Semiurban,N
LP001580,Male,Yes,2,Graduate,No,800000,0,2000000,360,1,Semiurban,Y
LP001581,Male,Yes,0,Not Graduate,,182000,176900,950000,360,1,Rural,Y
LP001585,,Yes,3+,Graduate,No,5176300,0,7000000,300,1,Urban,Y
LP001586,Male,Yes,3+,Not Graduate,No,352200,0,810000,180,1,Rural,N
LP001594,Male,Yes,0,Graduate,No,570800,562500,1870000,360,1,Semiurban,Y
LP001603,Male,Yes,0,Not Graduate,Yes,434400,73600,870000,360,1,Semiurban,N
LP001606,Male,Yes,0,Graduate,No,349700,196400,1160000,360,1,Rural,Y
LP001608,Male,Yes,2,Graduate,No,204500,161900,1010000,360,1,Rural,Y
LP001610,Male,Yes,3+,Graduate,No,551600,1130000,4950000,360,0,Semiurban,N
LP001616,Male,Yes,1,Graduate,No,375000,0,1160000,360,1,Semiurban,Y
LP001630,Male,No,0,Not Graduate,No,233300,145100,1020000,480,0,Urban,N
LP001633,Male,Yes,1,Graduate,No,640000,725000,1800000,360,0,Urban,N
LP001634,Male,No,0,Graduate,No,191600,506300,670000,360,,Rural,N
LP001636,Male,Yes,0,Graduate,No,460000,0,730000,180,1,Semiurban,Y
LP001637,Male,Yes,1,Graduate,No,3384600,0,2600000,360,1,Semiurban,N
LP001639,Female,Yes,0,Graduate,No,362500,0,1080000,360,1,Semiurban,Y
LP001640,Male,Yes,0,Graduate,Yes,3914700,475000,1200000,360,1,Semiurban,Y
LP001641,Male,Yes,1,Graduate,Yes,217800,0,660000,300,0,Rural,N
LP001643,Male,Yes,0,Graduate,No,238300,213800,580000,360,,Rural,Y
LP001644,,Yes,0,Graduate,Yes,67400,529600,1680000,360,1,Rural,Y
LP001647,Male,Yes,0,Graduate,No,932800,0,1880000,180,1,Rural,Y
LP001653,Male,No,0,Not Graduate,No,488500,0,480000,360,1,Rural,Y
LP001656,Male,No,0,Graduate,No,1200000,0,1640000,360,1,Semiurban,N
LP001657,Male,Yes,0,Not Graduate,No,603300,0,1600000,360,1,Urban,N
LP001658,Male,No,0,Graduate,No,385800,0,760000,360,1,Semiurban,Y
LP001664,Male,No,0,Graduate,No,419100,0,1200000,360,1,Rural,Y
LP001665,Male,Yes,1,Graduate,No,312500,258300,1700000,360,1,Semiurban,N
LP001666,Male,No,0,Graduate,No,833300,375000,1870000,360,1,Rural,Y
LP001669,Female,No,0,Not Graduate,No,190700,236500,1200000,,1,Urban,Y
LP001671,Female,Yes,0,Graduate,No,341600,281600,1130000,360,,Semiurban,Y
LP001673,Male,No,0,Graduate,Yes,1100000,0,830000,360,1,Urban,N
LP001674,Male,Yes,1,Not Graduate,No,260000,250000,900000,360,1,Semiurban,Y
LP001677,Male,No,2,Graduate,No,492300,0,1660000,360,0,Semiurban,Y
LP001682,Male,Yes,3+,Not Graduate,No,399200,0,,180,1,Urban,N
LP001688,Male,Yes,1,Not Graduate,No,350000,108300,1350000,360,1,Urban,Y
LP001691,Male,Yes,2,Not Graduate,No,391700,0,1240000,360,1,Semiurban,Y
LP001692,Female,No,0,Not Graduate,No,440800,0,1200000,360,1,Semiurban,Y
LP001693,Female,No,0,Graduate,No,324400,0,800000,360,1,Urban,Y
LP001698,Male,No,0,Not Graduate,No,397500,253100,550000,360,1,Rural,Y
LP001699,Male,No,0,Graduate,No,247900,0,590000,360,1,Urban,Y
LP001702,Male,No,0,Graduate,No,341800,0,1270000,360,1,Semiurban,N
LP001708,Female,No,0,Graduate,No,1000000,0,2140000,360,1,Semiurban,N
LP001711,Male,Yes,3+,Graduate,No,343000,125000,1280000,360,0,Semiurban,N
LP001713,Male,Yes,1,Graduate,Yes,778700,0,2400000,360,1,Urban,Y
LP001715,Male,Yes,3+,Not Graduate,Yes,570300,0,1300000,360,1,Rural,Y
LP001716,Male,Yes,0,Graduate,No,317300,302100,1370000,360,1,Urban,Y
LP001720,Male,Yes,3+,Not Graduate,No,385000,98300,1000000,360,1,Semiurban,Y
LP001722,Male,Yes,0,Graduate,No,15000,180000,1350000,360,1,Rural,N
LP001726,Male,Yes,0,Graduate,No,372700,177500,1310000,360,1,Semiurban,Y
LP001732,Male,Yes,2,Graduate,,500000,0,720000,360,0,Semiurban,N
LP001734,Female,Yes,2,Graduate,No,428300,238300,1270000,360,,Semiurban,Y
LP001736,Male,Yes,0,Graduate,No,222100,0,600000,360,0,Urban,N
LP001743,Male,Yes,2,Graduate,No,400900,171700,1160000,360,1,Semiurban,Y
LP001744,Male,No,0,Graduate,No,297100,279100,1440000,360,1,Semiurban,Y
LP001749,Male,Yes,0,Graduate,No,757800,101000,1750000,,1,Semiurban,Y
LP001750,Male,Yes,0,Graduate,No,625000,0,1280000,360,1,Semiurban,Y
LP001751,Male,Yes,0,Graduate,No,325000,0,1700000,360,1,Rural,N
LP001754,Male,Yes,,Not Graduate,Yes,473500,0,1380000,360,1,Urban,N
LP001758,Male,Yes,2,Graduate,No,625000,169500,2100000,360,1,Semiurban,Y
LP001760,Male,,,Graduate,No,475800,0,1580000,480,1,Semiurban,Y
LP001761,Male,No,0,Graduate,Yes,640000,0,2000000,360,1,Rural,Y
LP001765,Male,Yes,1,Graduate,No,249100,205400,1040000,360,1,Semiurban,Y
LP001768,Male,Yes,0,Graduate,,371600,0,420000,180,1,Rural,Y
LP001770,Male,No,0,Not Graduate,No,318900,259800,1200000,,1,Rural,Y
LP001776,Female,No,0,Graduate,No,833300,0,2800000,360,1,Semiurban,Y
LP001778,Male,Yes,1,Graduate,No,315500,177900,1400000,360,1,Semiurban,Y
LP001784,Male,Yes,1,Graduate,No,550000,126000,1700000,360,1,Rural,Y
LP001786,Male,Yes,0,Graduate,,574600,0,2550000,360,,Urban,N
LP001788,Female,No,0,Graduate,Yes,346300,0,1220000,360,,Urban,Y
LP001790,Female,No,1,Graduate,No,381200,0,1120000,360,1,Rural,Y
LP001792,Male,Yes,1,Graduate,No,331500,0,960000,360,1,Semiurban,Y
LP001798,Male,Yes,2,Graduate,No,581900,500000,1200000,360,1,Rural,Y
LP001800,Male,Yes,1,Not Graduate,No,251000,198300,1400000,180,1,Urban,N
LP001806,Male,No,0,Graduate,No,296500,570100,1550000,60,1,Urban,Y
LP001807,Male,Yes,2,Graduate,Yes,625000,130000,1080000,360,1,Rural,Y
LP001811,Male,Yes,0,Not Graduate,No,340600,441700,1230000,360,1,Semiurban,Y
LP001813,Male,No,0,Graduate,Yes,605000,433300,1200000,180,1,Urban,N
LP001814,Male,Yes,2,Graduate,No,970300,0,1120000,360,1,Urban,Y
LP001819,Male,Yes,1,Not Graduate,No,660800,0,1370000,180,1,Urban,Y
LP001824,Male,Yes,1,Graduate,No,288200,184300,1230000,480,1,Semiurban,Y
LP001825,Male,Yes,0,Graduate,No,180900,186800,900000,360,1,Urban,Y
LP001835,Male,Yes,0,Not Graduate,No,166800,389000,2010000,360,0,Semiurban,N
LP001836,Female,No,2,Graduate,No,342700,0,1380000,360,1,Urban,N
LP001841,Male,No,0,Not Graduate,Yes,258300,216700,1040000,360,1,Rural,Y
LP001843,Male,Yes,1,Not Graduate,No,266100,710100,2790000,180,1,Semiurban,Y
LP001844,Male,No,0,Graduate,Yes,1625000,0,1920000,360,0,Urban,N
LP001846,Female,No,3+,Graduate,No,308300,0,2550000,360,1,Rural,Y
LP001849,Male,No,0,Not Graduate,No,604500,0,1150000,360,0,Rural,N
LP001854,Male,Yes,3+,Graduate,No,525000,0,940000,360,1,Urban,N
LP001859,Male,Yes,0,Graduate,No,1468300,210000,3040000,360,1,Rural,N
LP001864,Male,Yes,3+,Not Graduate,No,493100,0,1280000,360,,Semiurban,N
LP001865,Male,Yes,1,Graduate,No,608300,425000,3300000,360,,Urban,Y
LP001868,Male,No,0,Graduate,No,206000,220900,1340000,360,1,Semiurban,Y
LP001870,Female,No,1,Graduate,No,348100,0,1550000,36,1,Semiurban,N
LP001871,Female,No,0,Graduate,No,720000,0,1200000,360,1,Rural,Y
LP001872,Male,No,0,Graduate,Yes,516600,0,1280000,360,1,Semiurban,Y
LP001875,Male,No,0,Graduate,No,409500,344700,1510000,360,1,Rural,Y
LP001877,Male,Yes,2,Graduate,No,470800,138700,1500000,360,1,Semiurban,Y
LP001882,Male,Yes,3+,Graduate,No,433300,181100,1600000,360,0,Urban,Y
LP001883,Female,No,0,Graduate,,341800,0,1350000,360,1,Rural,N
LP001884,Female,No,1,Graduate,No,287600,156000,900000,360,1,Urban,Y
LP001888,Female,No,0,Graduate,No,323700,0,300000,360,1,Urban,Y
LP001891,Male,Yes,0,Graduate,No,1114600,0,1360000,360,1,Urban,Y
LP001892,Male,No,0,Graduate,No,283300,185700,1260000,360,1,Rural,Y
LP001894,Male,Yes,0,Graduate,No,262000,222300,1500000,360,1,Semiurban,Y
LP001896,Male,Yes,2,Graduate,No,390000,0,900000,360,1,Semiurban,Y
LP001900,Male,Yes,1,Graduate,No,275000,184200,1150000,360,1,Semiurban,Y
LP001903,Male,Yes,0,Graduate,No,399300,327400,2070000,360,1,Semiurban,Y
LP001904,Male,Yes,0,Graduate,No,310300,130000,800000,360,1,Urban,Y
LP001907,Male,Yes,0,Graduate,No,1458300,0,4360000,360,1,Semiurban,Y
LP001908,Female,Yes,0,Not Graduate,No,410000,0,1240000,360,,Rural,Y
LP001910,Male,No,1,Not Graduate,Yes,405300,242600,1580000,360,0,Urban,N
LP001914,Male,Yes,0,Graduate,No,392700,80000,1120000,360,1,Semiurban,Y
LP001915,Male,Yes,2,Graduate,No,230100,98579.99878,780000,180,1,Urban,Y
LP001917,Female,No,0,Graduate,No,181100,166600,540000,360,1,Urban,Y
LP001922,Male,Yes,0,Graduate,No,2066700,0,,360,1,Rural,N
LP001924,Male,No,0,Graduate,No,315800,305300,890000,360,1,Rural,Y
LP001925,Female,No,0,Graduate,Yes,260000,171700,990000,300,1,Semiurban,N
LP001926,Male,Yes,0,Graduate,No,370400,200000,1200000,360,1,Rural,Y
LP001931,Female,No,0,Graduate,No,412400,0,1150000,360,1,Semiurban,Y
LP001935,Male,No,0,Graduate,No,950800,0,1870000,360,1,Rural,Y
LP001936,Male,Yes,0,Graduate,No,307500,241600,1390000,360,1,Rural,Y
LP001938,Male,Yes,2,Graduate,No,440000,0,1270000,360,0,Semiurban,N
LP001940,Male,Yes,2,Graduate,No,315300,156000,1340000,360,1,Urban,Y
LP001945,Female,No,,Graduate,No,541700,0,1430000,480,0,Urban,N
LP001947,Male,Yes,0,Graduate,No,238300,333400,1720000,360,1,Semiurban,Y
LP001949,Male,Yes,3+,Graduate,,441600,125000,1100000,360,1,Urban,Y
LP001953,Male,Yes,1,Graduate,No,687500,0,2000000,360,1,Semiurban,Y
LP001954,Female,Yes,1,Graduate,No,466600,0,1350000,360,1,Urban,Y
LP001955,Female,No,0,Graduate,No,500000,254100,1510000,480,1,Rural,N
LP001963,Male,Yes,1,Graduate,No,201400,292500,1130000,360,1,Urban,N
LP001964,Male,Yes,0,Not Graduate,No,180000,293400,930000,360,0,Urban,N
LP001972,Male,Yes,,Not Graduate,No,287500,175000,1050000,360,1,Semiurban,Y
LP001974,Female,No,0,Graduate,No,500000,0,1320000,360,1,Rural,Y
LP001977,Male,Yes,1,Graduate,No,162500,180300,960000,360,1,Urban,Y
LP001978,Male,No,0,Graduate,No,400000,250000,1400000,360,1,Rural,Y
LP001990,Male,No,0,Not Graduate,No,200000,0,,360,1,Urban,N
LP001993,Female,No,0,Graduate,No,376200,166600,1350000,360,1,Rural,Y
LP001994,Female,No,0,Graduate,No,240000,186300,1040000,360,0,Urban,N
LP001996,Male,No,0,Graduate,No,2023300,0,4800000,360,1,Rural,N
LP001998,Male,Yes,2,Not Graduate,No,766700,0,1850000,360,,Rural,Y
LP002002,Female,No,0,Graduate,No,291700,0,840000,360,1,Semiurban,Y
LP002004,Male,No,0,Not Graduate,No,292700,240500,1110000,360,1,Semiurban,Y
LP002006,Female,No,0,Graduate,No,250700,0,560000,360,1,Rural,Y
LP002008,Male,Yes,2,Graduate,Yes,574600,0,1440000,84,,Rural,Y
LP002024,,Yes,0,Graduate,No,247300,184300,1590000,360,1,Rural,N
LP002031,Male,Yes,1,Not Graduate,No,339900,164000,1110000,180,1,Urban,Y
LP002035,Male,Yes,2,Graduate,No,371700,0,1200000,360,1,Semiurban,Y
LP002036,Male,Yes,0,Graduate,No,205800,213400,880000,360,,Urban,Y
LP002043,Female,No,1,Graduate,No,354100,0,1120000,360,,Semiurban,Y
LP002050,Male,Yes,1,Graduate,Yes,1000000,0,1550000,360,1,Rural,N
LP002051,Male,Yes,0,Graduate,No,240000,216700,1150000,360,1,Semiurban,Y
LP002053,Male,Yes,3+,Graduate,No,434200,18900,1240000,360,1,Semiurban,Y
LP002054,Male,Yes,2,Not Graduate,No,360100,159000,,360,1,Rural,Y
LP002055,Female,No,0,Graduate,No,316600,298500,1320000,360,,Rural,Y
LP002065,Male,Yes,3+,Graduate,No,1500000,0,3000000,360,1,Rural,Y
LP002067,Male,Yes,1,Graduate,Yes,866600,498300,3760000,360,0,Rural,N
LP002068,Male,No,0,Graduate,No,491700,0,1300000,360,0,Rural,Y
LP002082,Male,Yes,0,Graduate,Yes,581800,216000,1840000,360,1,Semiurban,Y
LP002086,Female,Yes,0,Graduate,No,433300,245100,1100000,360,1,Urban,N
LP002087,Female,No,0,Graduate,No,250000,0,670000,360,1,Urban,Y
LP002097,Male,No,1,Graduate,No,438400,179300,1170000,360,1,Urban,Y
LP002098,Male,No,0,Graduate,No,293500,0,980000,360,1,Semiurban,Y
LP002100,Male,No,,Graduate,No,283300,0,710000,360,1,Urban,Y
LP002101,Male,Yes,0,Graduate,,6333700,0,4900000,180,1,Urban,Y
LP002103,,Yes,1,Graduate,Yes,983300,183300,1820000,180,1,Urban,Y
LP002106,Male,Yes,,Graduate,Yes,550300,449000,700000,,1,Semiurban,Y
LP002110,Male,Yes,1,Graduate,,525000,68800,1600000,360,1,Rural,Y
LP002112,Male,Yes,2,Graduate,Yes,250000,460000,1760000,360,1,Rural,Y
LP002113,Female,No,3+,Not Graduate,No,183000,0,,360,0,Urban,N
LP002114,Female,No,0,Graduate,No,416000,0,710000,360,1,Semiurban,Y
LP002115,Male,Yes,3+,Not Graduate,No,264700,158700,1730000,360,1,Rural,N
LP002116,Female,No,0,Graduate,No,237800,0,460000,360,1,Rural,N
LP002119,Male,Yes,1,Not Graduate,No,455400,122900,1580000,360,1,Urban,Y
LP002126,Male,Yes,3+,Not Graduate,No,317300,0,740000,360,1,Semiurban,Y
LP002128,Male,Yes,2,Graduate,,258300,233000,1250000,360,1,Rural,Y
LP002129,Male,Yes,0,Graduate,No,249900,245800,1600000,360,1,Semiurban,Y
LP002130,Male,Yes,,Not Graduate,No,352300,323000,1520000,360,0,Rural,N
LP002131,Male,Yes,2,Not Graduate,No,308300,216800,1260000,360,1,Urban,Y
LP002137,Male,Yes,0,Graduate,No,633300,458300,2590000,360,,Semiurban,Y
LP002138,Male,Yes,0,Graduate,No,262500,625000,1870000,360,1,Rural,Y
LP002139,Male,Yes,0,Graduate,No,908300,0,2280000,360,1,Semiurban,Y
LP002140,Male,No,0,Graduate,No,875000,416700,3080000,360,1,Rural,N
LP002141,Male,Yes,3+,Graduate,No,266600,208300,950000,360,1,Rural,Y
LP002142,Female,Yes,0,Graduate,Yes,550000,0,1050000,360,0,Rural,N
LP002143,Female,Yes,0,Graduate,No,242300,50500,1300000,360,1,Semiurban,Y
LP002144,Female,No,,Graduate,No,381300,0,1160000,180,1,Urban,Y
LP002149,Male,Yes,2,Graduate,No,833300,316700,1650000,360,1,Rural,Y
LP002151,Male,Yes,1,Graduate,No,387500,0,670000,360,1,Urban,N
LP002158,Male,Yes,0,Not Graduate,No,300000,166600,1000000,480,0,Urban,N
LP002160,Male,Yes,3+,Graduate,No,516700,316700,2000000,360,1,Semiurban,Y
LP002161,Female,No,1,Graduate,No,472300,0,810000,360,1,Semiurban,N
LP002170,Male,Yes,2,Graduate,No,500000,366700,2360000,360,1,Semiurban,Y
LP002175,Male,Yes,0,Graduate,No,475000,233300,1300000,360,1,Urban,Y
LP002178,Male,Yes,0,Graduate,No,301300,303300,950000,300,,Urban,Y
LP002180,Male,No,0,Graduate,Yes,682200,0,1410000,360,1,Rural,Y
LP002181,Male,No,0,Not Graduate,No,621600,0,1330000,360,1,Rural,N
LP002187,Male,No,0,Graduate,No,250000,0,960000,480,1,Semiurban,N
LP002188,Male,No,0,Graduate,No,512400,0,1240000,,0,Rural,N
LP002190,Male,Yes,1,Graduate,No,632500,0,1750000,360,1,Semiurban,Y
LP002191,Male,Yes,0,Graduate,No,1973000,526600,5700000,360,1,Rural,N
LP002194,Female,No,0,Graduate,Yes,1575900,0,550000,360,1,Semiurban,Y
LP002197,Male,Yes,2,Graduate,No,518500,0,1550000,360,1,Semiurban,Y
LP002201,Male,Yes,2,Graduate,Yes,932300,787300,3800000,300,1,Rural,Y
LP002205,Male,No,1,Graduate,No,306200,198700,1110000,180,0,Urban,N
LP002209,Female,No,0,Graduate,,276400,145900,1100000,360,1,Urban,Y
LP002211,Male,Yes,0,Graduate,No,481700,92300,1200000,180,1,Urban,Y
LP002219,Male,Yes,3+,Graduate,No,875000,499600,1300000,360,1,Rural,Y
LP002223,Male,Yes,0,Graduate,No,431000,0,1300000,360,,Semiurban,Y
LP002224,Male,No,0,Graduate,No,306900,0,710000,480,1,Urban,N
LP002225,Male,Yes,2,Graduate,No,539100,0,1300000,360,1,Urban,Y
LP002226,Male,Yes,0,Graduate,,333300,250000,1280000,360,1,Semiurban,Y
LP002229,Male,No,0,Graduate,No,594100,423200,2960000,360,1,Semiurban,Y
LP002231,Female,No,0,Graduate,No,600000,0,1560000,360,1,Urban,Y
LP002234,Male,No,0,Graduate,Yes,716700,0,1280000,360,1,Urban,Y
LP002236,Male,Yes,2,Graduate,No,456600,0,1000000,360,1,Urban,N
LP002237,Male,No,1,Graduate,,366700,0,1130000,180,1,Urban,Y
LP002239,Male,No,0,Not Graduate,No,234600,160000,1320000,360,1,Semiurban,Y
LP002243,Male,Yes,0,Not Graduate,No,301000,313600,,360,0,Urban,N
LP002244,Male,Yes,0,Graduate,No,233300,241700,1360000,360,1,Urban,Y
LP002250,Male,Yes,0,Graduate,No,548800,0,1250000,360,1,Rural,Y
LP002255,Male,No,3+,Graduate,No,916700,0,1850000,360,1,Rural,Y
LP002262,Male,Yes,3+,Graduate,No,950400,0,2750000,360,1,Rural,Y
LP002263,Male,Yes,0,Graduate,No,258300,211500,1200000,360,,Urban,Y
LP002265,Male,Yes,2,Not Graduate,No,199300,162500,1130000,180,1,Semiurban,Y
LP002266,Male,Yes,2,Graduate,No,310000,140000,1130000,360,1,Urban,Y
LP002272,Male,Yes,2,Graduate,No,327600,48400,1350000,360,,Semiurban,Y
LP002277,Female,No,0,Graduate,No,318000,0,710000,360,0,Urban,N
LP002281,Male,Yes,0,Graduate,No,303300,145900,950000,360,1,Urban,Y
LP002284,Male,No,0,Not Graduate,No,390200,166600,1090000,360,1,Rural,Y
LP002287,Female,No,0,Graduate,No,150000,180000,1030000,360,0,Semiurban,N
LP002288,Male,Yes,2,Not Graduate,No,288900,0,450000,180,0,Urban,N
LP002296,Male,No,0,Not Graduate,No,275500,0,650000,300,1,Rural,N
LP002297,Male,No,0,Graduate,No,250000,2000000,1030000,360,1,Semiurban,Y
LP002300,Female,No,0,Not Graduate,No,196300,0,530000,360,1,Semiurban,Y
LP002301,Female,No,0,Graduate,Yes,744100,0,1940000,360,1,Rural,N
LP002305,Female,No,0,Graduate,No,454700,0,1150000,360,1,Semiurban,Y
LP002308,Male,Yes,0,Not Graduate,No,216700,240000,1150000,360,1,Urban,Y
LP002314,Female,No,0,Not Graduate,No,221300,0,660000,360,1,Rural,Y
LP002315,Male,Yes,1,Graduate,No,830000,0,1520000,300,0,Semiurban,N
LP002317,Male,Yes,3+,Graduate,No,8100000,0,3600000,360,0,Rural,N
LP002318,Female,No,1,Not Graduate,Yes,386700,0,620000,360,1,Semiurban,N
LP002319,Male,Yes,0,Graduate,,625600,0,1600000,360,,Urban,Y
LP002328,Male,Yes,0,Not Graduate,No,609600,0,2180000,360,0,Rural,N
LP002332,Male,Yes,0,Not Graduate,No,225300,203300,1100000,360,1,Rural,Y
LP002335,Female,Yes,0,Not Graduate,No,214900,323700,1780000,360,0,Semiurban,N
LP002337,Female,No,0,Graduate,No,299500,0,600000,360,1,Urban,Y
LP002341,Female,No,1,Graduate,No,260000,0,1600000,360,1,Urban,N
LP002342,Male,Yes,2,Graduate,Yes,160000,2000000,2390000,360,1,Urban,N
LP002345,Male,Yes,0,Graduate,No,102500,277300,1120000,360,1,Rural,Y
LP002347,Male,Yes,0,Graduate,No,324600,141700,1380000,360,1,Semiurban,Y
LP002348,Male,Yes,0,Graduate,No,582900,0,1380000,360,1,Rural,Y
LP002357,Female,No,0,Not Graduate,No,272000,0,800000,,0,Urban,N
LP002361,Male,Yes,0,Graduate,No,182000,171900,1000000,360,1,Urban,Y
LP002362,Male,Yes,1,Graduate,No,725000,166700,1100000,,0,Urban,N
LP002364,Male,Yes,0,Graduate,No,1488000,0,960000,360,1,Semiurban,Y
LP002366,Male,Yes,0,Graduate,No,266600,430000,1210000,360,1,Rural,Y
LP002367,Female,No,1,Not Graduate,No,460600,0,810000,360,1,Rural,N
LP002368,Male,Yes,2,Graduate,No,593500,0,1330000,360,1,Semiurban,Y
LP002369,Male,Yes,0,Graduate,No,292000,1612.000084,870000,360,1,Rural,Y
LP002370,Male,No,0,Not Graduate,No,271700,0,600000,180,1,Urban,Y
LP002377,Female,No,1,Graduate,Yes,862400,0,1500000,360,1,Semiurban,Y
LP002379,Male,No,0,Graduate,No,650000,0,1050000,360,0,Rural,N
LP002386,Male,No,0,Graduate,,1287600,0,4050000,360,1,Semiurban,Y
LP002387,Male,Yes,0,Graduate,No,242500,234000,1430000,360,1,Semiurban,Y
LP002390,Male,No,0,Graduate,No,375000,0,1000000,360,1,Urban,Y
LP002393,Female,,,Graduate,No,1004700,0,,240,1,Semiurban,Y
LP002398,Male,No,0,Graduate,No,192600,185100,500000,360,1,Semiurban,Y
LP002401,Male,Yes,0,Graduate,No,221300,112500,,360,1,Urban,Y
LP002403,Male,No,0,Graduate,Yes,1041600,0,1870000,360,0,Urban,N
LP002407,Female,Yes,0,Not Graduate,Yes,714200,0,1380000,360,1,Rural,Y
LP002408,Male,No,0,Graduate,No,366000,506400,1870000,360,1,Semiurban,Y
LP002409,Male,Yes,0,Graduate,No,790100,183300,1800000,360,1,Rural,Y
LP002418,Male,No,3+,Not Graduate,No,470700,199300,1480000,360,1,Semiurban,Y
LP002422,Male,No,1,Graduate,No,3771900,0,1520000,360,1,Semiurban,Y
LP002424,Male,Yes,0,Graduate,No,733300,833300,1750000,300,,Rural,Y
LP002429,Male,Yes,1,Graduate,Yes,346600,121000,1300000,360,1,Rural,Y
LP002434,Male,Yes,2,Not Graduate,No,465200,0,1100000,360,1,Rural,Y
LP002435,Male,Yes,0,Graduate,,353900,137600,550000,360,1,Rural,N
LP002443,Male,Yes,2,Graduate,No,334000,171000,1500000,360,0,Rural,N
LP002444,Male,No,1,Not Graduate,Yes,276900,154200,1900000,360,,Semiurban,N
LP002446,Male,Yes,2,Not Graduate,No,230900,125500,1250000,360,0,Rural,N
LP002447,Male,Yes,2,Not Graduate,No,195800,145600,600000,300,,Urban,Y
LP002448,Male,Yes,0,Graduate,No,394800,173300,1490000,360,0,Rural,N
LP002449,Male,Yes,0,Graduate,No,248300,246600,900000,180,0,Rural,Y
LP002453,Male,No,0,Graduate,Yes,708500,0,840000,360,1,Semiurban,Y
LP002455,Male,Yes,2,Graduate,No,385900,0,960000,360,1,Semiurban,Y
LP002459,Male,Yes,0,Graduate,No,430100,0,1180000,360,1,Urban,Y
LP002467,Male,Yes,0,Graduate,No,370800,256900,1730000,360,1,Urban,N
LP002472,Male,No,2,Graduate,No,435400,0,1360000,360,1,Rural,Y
LP002473,Male,Yes,0,Graduate,No,833400,0,1600000,360,1,Semiurban,N
LP002478,,Yes,0,Graduate,Yes,208300,408300,1600000,360,,Semiurban,Y
LP002484,Male,Yes,3+,Graduate,No,774000,0,1280000,180,1,Urban,Y
LP002487,Male,Yes,0,Graduate,No,301500,218800,1530000,360,1,Rural,Y
LP002489,Female,No,1,Not Graduate,,519100,0,1320000,360,1,Semiurban,Y
LP002493,Male,No,0,Graduate,No,416600,0,980000,360,0,Semiurban,N
LP002494,Male,No,0,Graduate,No,600000,0,1400000,360,1,Rural,Y
LP002500,Male,Yes,3+,Not Graduate,No,294700,166400,700000,180,0,Urban,N
LP002501,,Yes,0,Graduate,No,1669200,0,1100000,360,1,Semiurban,Y
LP002502,Female,Yes,2,Not Graduate,,21000,291700,980000,360,1,Semiurban,Y
LP002505,Male,Yes,0,Graduate,No,433300,245100,1100000,360,1,Urban,N
LP002515,Male,Yes,1,Graduate,Yes,345000,207900,1620000,360,1,Semiurban,Y
LP002517,Male,Yes,1,Not Graduate,No,265300,150000,1130000,180,0,Rural,N
LP002519,Male,Yes,3+,Graduate,No,469100,0,1000000,360,1,Semiurban,Y
LP002522,Female,No,0,Graduate,Yes,250000,0,930000,360,,Urban,Y
LP002524,Male,No,2,Graduate,No,553200,464800,1620000,360,1,Rural,Y
LP002527,Male,Yes,2,Graduate,Yes,1652500,101400,1500000,360,1,Rural,Y
LP002529,Male,Yes,2,Graduate,No,670000,175000,2300000,300,1,Semiurban,Y
LP002530,,Yes,2,Graduate,No,287300,187200,1320000,360,0,Semiurban,N
LP002531,Male,Yes,1,Graduate,Yes,1666700,225000,860000,360,1,Semiurban,Y
LP002533,Male,Yes,2,Graduate,No,294700,160300,,360,1,Urban,N
LP002534,Female,No,0,Not Graduate,No,435000,0,1540000,360,1,Rural,Y
LP002536,Male,Yes,3+,Not Graduate,No,309500,0,1130000,360,1,Rural,Y
LP002537,Male,Yes,0,Graduate,No,208300,315000,1280000,360,1,Semiurban,Y
LP002541,Male,Yes,0,Graduate,No,1083300,0,2340000,360,1,Semiurban,Y
LP002543,Male,Yes,2,Graduate,No,833300,0,2460000,360,1,Semiurban,Y
LP002544,Male,Yes,1,Not Graduate,No,195800,243600,1310000,360,1,Rural,Y
LP002545,Male,No,2,Graduate,No,354700,0,800000,360,0,Rural,N
LP002547,Male,Yes,1,Graduate,No,1833300,0,5000000,360,1,Urban,N
LP002555,Male,Yes,2,Graduate,Yes,458300,208300,1600000,360,1,Semiurban,Y
LP002556,Male,No,0,Graduate,No,243500,0,750000,360,1,Urban,N
LP002560,Male,No,0,Not Graduate,No,269900,278500,960000,360,,Semiurban,Y
LP002562,Male,Yes,1,Not Graduate,No,533300,113100,1860000,360,,Urban,Y
LP002571,Male,No,0,Not Graduate,No,369100,0,1100000,360,1,Rural,Y
LP002582,Female,No,0,Not Graduate,Yes,1726300,0,2250000,360,1,Semiurban,Y
LP002585,Male,Yes,0,Graduate,No,359700,215700,1190000,360,0,Rural,N
LP002586,Female,Yes,1,Graduate,No,332600,91300,1050000,84,1,Semiurban,Y
LP002587,Male,Yes,0,Not Graduate,No,260000,170000,1070000,360,1,Rural,Y
LP002588,Male,Yes,0,Graduate,No,462500,285700,1110000,12,,Urban,Y
LP002600,Male,Yes,1,Graduate,Yes,289500,0,950000,360,1,Semiurban,Y
LP002602,Male,No,0,Graduate,No,628300,441600,2090000,360,0,Rural,N
LP002603,Female,No,0,Graduate,No,64500,368300,1130000,480,1,Rural,Y
LP002606,Female,No,0,Graduate,No,315900,0,1000000,360,1,Semiurban,Y
LP002615,Male,Yes,2,Graduate,No,486500,562400,2080000,360,1,Semiurban,Y
LP002618,Male,Yes,1,Not Graduate,No,405000,530200,1380000,360,,Rural,N
LP002619,Male,Yes,0,Not Graduate,No,381400,148300,1240000,300,1,Semiurban,Y
LP002622,Male,Yes,2,Graduate,No,351000,441600,2430000,360,1,Rural,Y
LP002624,Male,Yes,0,Graduate,No,2083300,666700,4800000,360,,Urban,Y
LP002625,,No,0,Graduate,No,358300,0,960000,360,1,Urban,N
LP002626,Male,Yes,0,Graduate,Yes,247900,301300,1880000,360,1,Urban,Y
LP002634,Female,No,1,Graduate,No,1326200,0,400000,360,1,Urban,Y
LP002637,Male,No,0,Not Graduate,No,359800,128700,1000000,360,1,Rural,N
LP002640,Male,Yes,1,Graduate,No,606500,200400,2500000,360,1,Semiurban,Y
LP002643,Male,Yes,2,Graduate,No,328300,203500,1480000,360,1,Urban,Y
LP002648,Male,Yes,0,Graduate,No,213000,666600,700000,180,1,Semiurban,N
LP002652,Male,No,0,Graduate,No,581500,366600,3110000,360,1,Rural,N
LP002659,Male,Yes,3+,Graduate,No,346600,342800,1500000,360,1,Rural,Y
LP002670,Female,Yes,2,Graduate,No,203100,163200,1130000,480,1,Semiurban,Y
LP002682,Male,Yes,,Not Graduate,No,307400,180000,1230000,360,0,Semiurban,N
LP002683,Male,No,0,Graduate,No,468300,191500,1850000,360,1,Semiurban,N
LP002684,Female,No,0,Not Graduate,No,340000,0,950000,360,1,Rural,N
LP002689,Male,Yes,2,Not Graduate,No,219200,174200,450000,360,1,Semiurban,Y
LP002690,Male,No,0,Graduate,No,250000,0,550000,360,1,Semiurban,Y
LP002692,Male,Yes,3+,Graduate,Yes,567700,142400,1000000,360,1,Rural,Y
LP002693,Male,Yes,2,Graduate,Yes,794800,716600,4800000,360,1,Rural,Y
LP002697,Male,No,0,Graduate,No,468000,208700,,360,1,Semiurban,N
LP002699,Male,Yes,2,Graduate,Yes,1750000,0,4000000,360,1,Rural,Y
LP002705,Male,Yes,0,Graduate,No,377500,0,1100000,360,1,Semiurban,Y
LP002706,Male,Yes,1,Not Graduate,No,528500,143000,1610000,360,0,Semiurban,Y
LP002714,Male,No,1,Not Graduate,No,267900,130200,940000,360,1,Semiurban,Y
LP002716,Male,No,0,Not Graduate,No,678300,0,1300000,360,1,Semiurban,Y
LP002717,Male,Yes,0,Graduate,No,102500,550000,2160000,360,,Rural,Y
LP002720,Male,Yes,3+,Graduate,No,428100,0,1000000,360,1,Urban,Y
LP002723,Male,No,2,Graduate,No,358800,0,1100000,360,0,Rural,N
LP002729,Male,No,1,Graduate,No,1125000,0,1960000,360,,Semiurban,N
LP002731,Female,No,0,Not Graduate,Yes,1816500,0,1250000,360,1,Urban,Y
LP002732,Male,No,0,Not Graduate,,255000,204200,1260000,360,1,Rural,Y
LP002734,Male,Yes,0,Graduate,No,613300,390600,3240000,360,1,Urban,Y
LP002738,Male,No,2,Graduate,No,361700,0,1070000,360,1,Semiurban,Y
LP002739,Male,Yes,0,Not Graduate,No,291700,53600,660000,360,1,Rural,N
LP002740,Male,Yes,3+,Graduate,No,641700,0,1570000,180,1,Rural,Y
LP002741,Female,Yes,1,Graduate,No,460800,284500,1400000,180,1,Semiurban,Y
LP002743,Female,No,0,Graduate,No,213800,0,990000,360,0,Semiurban,N
LP002753,Female,No,1,Graduate,,365200,0,950000,360,1,Semiurban,Y
LP002755,Male,Yes,1,Not Graduate,No,223900,252400,1280000,360,1,Urban,Y
LP002757,Female,Yes,0,Not Graduate,No,301700,66300,1020000,360,,Semiurban,Y
LP002767,Male,Yes,0,Graduate,No,276800,195000,1550000,360,1,Rural,Y
LP002768,Male,No,0,Not Graduate,No,335800,0,800000,36,1,Semiurban,N
LP002772,Male,No,0,Graduate,No,252600,178300,1450000,360,1,Rural,Y
LP002776,Female,No,0,Graduate,No,500000,0,1030000,360,0,Semiurban,N
LP002777,Male,Yes,0,Graduate,No,278500,201600,1100000,360,1,Rural,Y
LP002778,Male,Yes,2,Graduate,Yes,663300,0,,360,0,Rural,N
LP002784,Male,Yes,1,Not Graduate,No,249200,237500,,360,1,Rural,Y
LP002785,Male,Yes,1,Graduate,No,333300,325000,1580000,360,1,Urban,Y
LP002788,Male,Yes,0,Not Graduate,No,245400,233300,1810000,360,0,Urban,N
LP002789,Male,Yes,0,Graduate,No,359300,426600,1320000,180,0,Rural,N
LP002792,Male,Yes,1,Graduate,No,546800,103200,260000,360,1,Semiurban,Y
LP002794,Female,No,0,Graduate,No,266700,162500,840000,360,,Urban,Y
LP002795,Male,Yes,3+,Graduate,Yes,1013900,0,2600000,360,1,Semiurban,Y
LP002798,Male,Yes,0,Graduate,No,388700,266900,1620000,360,1,Semiurban,Y
LP002804,Female,Yes,0,Graduate,No,418000,230600,1820000,360,1,Semiurban,Y
LP002807,Male,Yes,2,Not Graduate,No,367500,24200,1080000,360,1,Semiurban,Y
LP002813,Female,Yes,1,Graduate,Yes,1948400,0,6000000,360,1,Semiurban,Y
LP002820,Male,Yes,0,Graduate,No,592300,205400,2110000,360,1,Rural,Y
LP002821,Male,No,0,Not Graduate,Yes,580000,0,1320000,360,1,Semiurban,Y
LP002832,Male,Yes,2,Graduate,No,879900,0,2580000,360,0,Urban,N
LP002833,Male,Yes,0,Not Graduate,No,446700,0,1200000,360,,Rural,Y
LP002836,Male,No,0,Graduate,No,333300,0,700000,360,1,Urban,Y
LP002837,Male,Yes,3+,Graduate,No,340000,250000,1230000,360,0,Rural,N
LP002840,Female,No,0,Graduate,No,237800,0,90000,360,1,Urban,N
LP002841,Male,Yes,0,Graduate,No,316600,206400,1040000,360,0,Urban,N
LP002842,Male,Yes,1,Graduate,No,341700,175000,1860000,360,1,Urban,Y
LP002847,Male,Yes,,Graduate,No,511600,145100,1650000,360,0,Urban,N
LP002855,Male,Yes,2,Graduate,No,1666600,0,2750000,360,1,Urban,Y
LP002862,Male,Yes,2,Not Graduate,No,612500,162500,1870000,480,1,Semiurban,N
LP002863,Male,Yes,3+,Graduate,No,640600,0,1500000,360,1,Semiurban,N
LP002868,Male,Yes,2,Graduate,No,315900,46100,1080000,84,1,Urban,Y
LP002872,,Yes,0,Graduate,No,308700,221000,1360000,360,0,Semiurban,N
LP002874,Male,No,0,Graduate,No,322900,273900,1100000,360,1,Urban,Y
LP002877,Male,Yes,1,Graduate,No,178200,223200,1070000,360,1,Rural,Y
LP002888,Male,No,0,Graduate,,318200,291700,1610000,360,1,Urban,Y
LP002892,Male,Yes,2,Graduate,No,654000,0,2050000,360,1,Semiurban,Y
LP002893,Male,No,0,Graduate,No,183600,3383700,900000,360,1,Urban,N
LP002894,Female,Yes,0,Graduate,No,316600,0,360000,360,1,Semiurban,Y
LP002898,Male,Yes,1,Graduate,No,188000,0,610000,360,,Rural,N
LP002911,Male,Yes,1,Graduate,No,278700,191700,1460000,360,0,Rural,N
LP002912,Male,Yes,1,Graduate,No,428300,300000,1720000,84,1,Rural,N
LP002916,Male,Yes,0,Graduate,No,229700,152200,1040000,360,1,Urban,Y
LP002917,Female,No,0,Not Graduate,No,216500,0,700000,360,1,Semiurban,Y
LP002925,,No,0,Graduate,No,475000,0,940000,360,1,Semiurban,Y
LP002926,Male,Yes,2,Graduate,Yes,272600,0,1060000,360,0,Semiurban,N
LP002928,Male,Yes,0,Graduate,No,300000,341600,560000,180,1,Semiurban,Y
LP002931,Male,Yes,2,Graduate,Yes,600000,0,2050000,240,1,Semiurban,N
LP002933,,No,3+,Graduate,Yes,935700,0,2920000,360,1,Semiurban,Y
LP002936,Male,Yes,0,Graduate,No,385900,330000,1420000,180,1,Rural,Y
LP002938,Male,Yes,0,Graduate,Yes,1612000,0,2600000,360,1,Urban,Y
LP002940,Male,No,0,Not Graduate,No,383300,0,1100000,360,1,Rural,Y
LP002941,Male,Yes,2,Not Graduate,Yes,638300,100000,1870000,360,1,Rural,N
LP002943,Male,No,,Graduate,No,298700,0,880000,360,0,Semiurban,N
LP002945,Male,Yes,0,Graduate,Yes,996300,0,1800000,360,1,Rural,Y
LP002948,Male,Yes,2,Graduate,No,578000,0,1920000,360,1,Urban,Y
LP002949,Female,No,3+,Graduate,,41600,4166700,3500000,180,,Urban,N
LP002950,Male,Yes,0,Not Graduate,,289400,279200,1550000,360,1,Rural,Y
LP002953,Male,Yes,3+,Graduate,No,570300,0,1280000,360,1,Urban,Y
LP002958,Male,No,0,Graduate,No,367600,430100,1720000,360,1,Rural,Y
LP002959,Female,Yes,1,Graduate,No,1200000,0,4960000,360,1,Semiurban,Y
LP002960,Male,Yes,0,Not Graduate,No,240000,380000,,180,1,Urban,N
LP002961,Male,Yes,1,Graduate,No,340000,250000,1730000,360,1,Semiurban,Y
LP002964,Male,Yes,2,Not Graduate,No,398700,141100,1570000,360,1,Rural,Y
LP002974,Male,Yes,0,Graduate,No,323200,195000,1080000,360,1,Rural,Y
LP002978,Female,No,0,Graduate,No,290000,0,710000,360,1,Rural,Y
LP002979,Male,Yes,3+,Graduate,No,410600,0,400000,180,1,Rural,Y
LP002983,Male,Yes,1,Graduate,No,807200,24000,2530000,360,1,Urban,Y
LP002984,Male,Yes,2,Graduate,No,758300,0,1870000,360,1,Urban,Y
LP002990,Female,No,0,Graduate,Yes,458300,0,1330000,360,0,Semiurban,N
